{"accuracy": 0.7256574271499645, "roc_auc": 0.8350930005021457, "churn_rate": 0.26578498293515357}